epoch,train_loss,val_acc,test_acc
1,1.390441,0.281709,0.298398
2,1.339250,0.391188,0.395416
3,1.305068,0.458611,0.468625
4,1.261163,0.446373,0.460837
5,1.240639,0.444370,0.457054
6,1.248708,0.459502,0.467957
7,1.221285,0.463952,0.470627
8,1.230388,0.451046,0.462172
9,1.216064,0.437917,0.452381
10,1.210607,0.440587,0.456609
11,1.210326,0.450378,0.466177
12,1.206545,0.460614,0.475968
13,1.200682,0.465065,0.474188
14,1.193837,0.456609,0.465065
15,1.185997,0.455051,0.470182
16,1.181155,0.475078,0.486204
17,1.177106,0.490877,0.492657
18,1.169972,0.479306,0.487984
19,1.159865,0.491544,0.500668
20,1.152163,0.510903,0.509568
21,1.148965,0.483534,0.493769
22,1.144616,0.517134,0.523142
23,1.136651,0.508901,0.516466
24,1.129001,0.509568,0.516689
25,1.125991,0.521807,0.530708
26,1.123369,0.496662,0.508901
27,1.133523,0.522252,0.535603
28,1.104807,0.521139,0.540053
29,1.106859,0.514464,0.521584
30,1.106031,0.521139,0.526035
31,1.099623,0.531598,0.546729
32,1.098687,0.533155,0.546061
33,1.083178,0.522697,0.530930
34,1.085339,0.537161,0.548287
35,1.070058,0.544059,0.558745
36,1.075437,0.537828,0.554295
37,1.062593,0.540053,0.554517
38,1.063525,0.556297,0.567423
39,1.052892,0.565198,0.570761
40,1.040219,0.557855,0.568313
41,1.040183,0.573876,0.580329
42,1.030843,0.572319,0.584780
43,1.023440,0.572541,0.582777
44,1.025216,0.582332,0.591010
45,1.010078,0.583445,0.597908
46,1.016093,0.572319,0.573209
47,1.018675,0.592568,0.599911
48,0.998376,0.587672,0.601914
49,1.003509,0.583000,0.584557
50,0.996450,0.592568,0.596128
51,0.994655,0.596796,0.605474
52,0.999260,0.595461,0.599243
53,0.983897,0.590343,0.592123
54,0.983517,0.605029,0.616155
55,0.980450,0.605474,0.617045
56,0.972308,0.595238,0.605474
57,0.968600,0.606809,0.619715
58,0.960455,0.611704,0.620383
59,0.962873,0.607477,0.617045
60,0.956388,0.609257,0.617267
61,0.951778,0.619270,0.622830
62,0.949664,0.614375,0.621273
63,0.940965,0.615932,0.623943
64,0.951997,0.621050,0.623053
65,0.943947,0.622830,0.628616
66,0.936449,0.619493,0.625723
67,0.938189,0.619938,0.626168
68,0.928619,0.627726,0.629283
69,0.935090,0.624833,0.630396
70,0.930442,0.625723,0.631509
71,0.923782,0.632844,0.637294
72,0.917611,0.631064,0.639074
73,0.924246,0.629283,0.636404
74,0.918408,0.641745,0.641745
75,0.911593,0.631064,0.637517
76,0.914375,0.637072,0.639297
77,0.910611,0.642190,0.639742
78,0.902829,0.629728,0.634179
79,0.911690,0.643080,0.640854
80,0.905335,0.634401,0.636849
81,0.902300,0.631731,0.639074
82,0.907680,0.646862,0.643080
83,0.893350,0.647530,0.643747
84,0.887250,0.637739,0.637962
85,0.898325,0.641745,0.640632
86,0.896897,0.649978,0.648643
87,0.890487,0.629283,0.635737
88,0.908285,0.648865,0.646862
89,0.888875,0.649088,0.645972
90,0.880362,0.639074,0.643970
91,0.880349,0.651758,0.650868
92,0.879024,0.648643,0.649088
93,0.869297,0.645527,0.650868
94,0.873088,0.655318,0.653983
95,0.868228,0.650868,0.647085
96,0.867330,0.646862,0.651980
97,0.871800,0.651090,0.643080
98,0.862919,0.652870,0.657766
99,0.862036,0.653983,0.652203
100,0.853843,0.655318,0.652648
101,0.859520,0.647975,0.653761
102,0.858030,0.658433,0.660214
103,0.855944,0.651090,0.649088
104,0.866668,0.645305,0.655096
105,0.862867,0.665999,0.662884
106,0.844419,0.647753,0.642190
107,0.862356,0.651313,0.657766
108,0.847486,0.659991,0.663106
109,0.841695,0.653538,0.655318
110,0.855922,0.658879,0.665554
111,0.835095,0.662216,0.665999
112,0.835470,0.659324,0.655096
113,0.844016,0.665109,0.665999
114,0.836074,0.659324,0.668002
115,0.840025,0.665999,0.659991
116,0.836346,0.665109,0.666667
117,0.837427,0.648420,0.655763
118,0.848729,0.663551,0.672007
119,0.829520,0.659324,0.659769
120,0.833639,0.663106,0.666222
121,0.828791,0.659769,0.668447
122,0.841079,0.656431,0.657988
123,0.844920,0.666222,0.667557
124,0.831046,0.661326,0.670004
125,0.822857,0.662439,0.668002
126,0.823602,0.663551,0.664886
127,0.831336,0.672230,0.679573
128,0.806679,0.666444,0.676680
129,0.819944,0.669782,0.669782
130,0.813673,0.668002,0.672675
131,0.805280,0.668669,0.680908
132,0.818278,0.667334,0.672452
133,0.799872,0.672897,0.677348
134,0.812216,0.676457,0.683578
135,0.794628,0.673787,0.682911
136,0.803115,0.674455,0.677125
137,0.811515,0.674455,0.680018
138,0.802235,0.676680,0.684023
139,0.789835,0.677125,0.675567
140,0.801550,0.676903,0.682911
141,0.788376,0.676903,0.688696
142,0.797075,0.673120,0.672452
143,0.794839,0.678905,0.683801
144,0.803333,0.671117,0.680240
145,0.798166,0.686248,0.685358
146,0.786112,0.675567,0.682911
147,0.791235,0.675790,0.680685
148,0.787515,0.682243,0.690031
149,0.781616,0.677793,0.683133
150,0.801028,0.684246,0.690031
151,0.781370,0.684913,0.690254
152,0.782914,0.688474,0.690699
153,0.776098,0.690476,0.693814
154,0.776242,0.687138,0.688251
155,0.780559,0.689141,0.693369
156,0.777106,0.690476,0.695149
157,0.768556,0.688474,0.690476
158,0.768616,0.692924,0.701380
159,0.778342,0.687361,0.690254
160,0.763951,0.694927,0.697597
161,0.771600,0.695817,0.697374
162,0.757801,0.692034,0.694036
163,0.770865,0.695372,0.702047
164,0.763190,0.690476,0.695817
165,0.764962,0.698042,0.698932
166,0.764705,0.694704,0.696707
167,0.772048,0.700267,0.703605
168,0.760051,0.700935,0.707388
169,0.751484,0.702270,0.700712
170,0.747750,0.698042,0.699154
171,0.753986,0.700490,0.700712
172,0.760756,0.699377,0.706275
173,0.752317,0.699822,0.707833
174,0.755689,0.693369,0.697152
175,0.751779,0.701825,0.709168
176,0.766558,0.690921,0.694481
177,0.763488,0.697374,0.703160
178,0.766459,0.684023,0.692479
179,0.766056,0.697597,0.706275
180,0.756741,0.702270,0.703827
181,0.756203,0.693369,0.698487
182,0.755228,0.700712,0.714731
183,0.744118,0.701825,0.704272
184,0.756602,0.692479,0.699599
185,0.763455,0.705607,0.707833
186,0.737801,0.705607,0.708723
187,0.741004,0.697597,0.704940
188,0.756524,0.702492,0.707833
189,0.742598,0.705162,0.712061
190,0.739196,0.696484,0.703605
191,0.755631,0.700935,0.710503
192,0.732618,0.710058,0.714063
193,0.730687,0.702047,0.706275
194,0.745941,0.705385,0.703160
195,0.750903,0.708723,0.718514
196,0.725779,0.697597,0.704495
197,0.749736,0.710725,0.711838
198,0.742462,0.709835,0.714063
199,0.727426,0.700490,0.705830
200,0.729249,0.711838,0.716733
